"Feature","Angular","React"
"Type","Full-fledged framework","JavaScript library"
"Language","TypeScript","JavaScript (optional TypeScript)"
"Learning Curve","Steep","Easier for JS devs"
"Data Binding","Two-way","One-way (unidirectional)"
"Performance","Optimized with Ivy","High (Virtual DOM)"
"State Management","Built-in","External libraries"
"Routing","Built-in","Third-party (React Router)"
"Testing","Built-in","External libraries"
"Community","Strong, Google","Largest, Meta"
"Use Cases","Enterprise apps","SPAs, mobile, dynamic UIs"